WorkID	ChapterID	Section	Chapter	Description
allswell	24908	1	1	Rousillon. The COUNT's palace.
allswell	24909	1	2	Paris. The KING's palace.
allswell	24910	1	3	Rousillon. The COUNT's palace.
allswell	24911	2	1	Paris. The KING's palace.
allswell	24912	2	2	Rousillon. The COUNT's palace.
allswell	24913	2	3	Paris. The KING's palace.
allswell	24914	2	4	Paris. The KING's palace.
allswell	24915	2	5	Paris. The KING's palace.
allswell	24916	3	1	Florence. The DUKE's palace.
allswell	24917	3	2	Rousillon. The COUNT's palace.
allswell	24918	3	3	Florence. Before the DUKE's palace.
allswell	24919	3	4	Rousillon. The COUNT's palace.
allswell	24920	3	5	Florence. Without the walls. A tucket afar off.
allswell	24921	3	6	Camp before Florence.
allswell	24922	3	7	Florence. The Widow's house.
allswell	24923	4	1	Without the Florentine camp.
allswell	24924	4	2	Florence. The Widow's house.
allswell	24925	4	3	The Florentine camp.
allswell	24926	4	4	Florence. The Widow's house.
allswell	24927	4	5	Rousillon. The COUNT's palace.
allswell	24928	5	1	Marseilles. A street.
allswell	24929	5	2	Rousillon. Before the COUNT's palace.
allswell	24930	5	3	Rousillon. The COUNT's palace.
antonycleo	24931	1	1	Alexandria. A room in CLEOPATRA's palace.
antonycleo	24932	1	2	The same. Another room.
antonycleo	24933	1	3	The same. Another room.
antonycleo	24934	1	4	Rome. OCTAVIUS CAESAR's house.
antonycleo	24935	1	5	Alexandria. CLEOPATRA's palace.
antonycleo	24936	2	1	Messina. POMPEY's house.
antonycleo	24937	2	2	Rome. The house of LEPIDUS.
antonycleo	24938	2	3	The same. OCTAVIUS CAESAR's house.
antonycleo	24939	2	4	The same. A street.
antonycleo	24940	2	5	Alexandria. CLEOPATRA's palace.
antonycleo	24941	2	6	Near Misenum.
antonycleo	24942	2	7	On board POMPEY's galley, off Misenum.
antonycleo	24943	3	1	A plain in Syria.
antonycleo	24944	3	2	Rome. An ante-chamber in OCTAVIUS CAESAR's house.
antonycleo	24945	3	3	Alexandria. CLEOPATRA's palace.
antonycleo	24946	3	4	Athens. A room in MARK ANTONY's house.
antonycleo	24947	3	5	The same. Another room.
antonycleo	24948	3	6	Rome. OCTAVIUS CAESAR's house.
antonycleo	24949	3	7	Near Actium. MARK ANTONY's camp.
antonycleo	24950	3	8	A plain near Actium.
antonycleo	24951	3	9	Another part of the plain.
antonycleo	24952	3	10	Another part of the plain.\n
antonycleo	24953	3	11	Alexandria. CLEOPATRA's palace.\n
antonycleo	24954	3	12	Egypt. OCTAVIUS CAESAR's camp.\n
antonycleo	24955	3	13	Alexandria. CLEOPATRA's palace.\n
antonycleo	24956	4	1	Before Alexandria. OCTAVIUS CAESAR's camp.
antonycleo	24957	4	2	Alexandria. CLEOPATRA's palace.
antonycleo	24958	4	3	The same. Before the palace.
antonycleo	24959	4	4	The same. A room in the palace.
antonycleo	24960	4	5	Alexandria. MARK ANTONY's camp.
antonycleo	24961	4	6	Alexandria. OCTAVIUS CAESAR's camp.
antonycleo	24962	4	7	Field of battle between the camps.
antonycleo	24963	4	8	Under the walls of Alexandria.
antonycleo	24964	4	9	OCTAVIUS CAESAR's camp.
antonycleo	24965	4	10	Between the two camps.\n
antonycleo	24966	4	11	Another part of the same.\n
antonycleo	24967	4	12	Another part of the same.\n
antonycleo	24968	4	13	Alexandria. Cleopatra's palace.\n
antonycleo	24969	4	14	The same. Another room.\n
antonycleo	24970	4	15	The same. A monument.\n
antonycleo	24971	5	1	Alexandria. OCTAVIUS CAESAR's camp.
antonycleo	24972	5	2	Alexandria. A room in the monument.
asyoulikeit	24973	1	1	Orchard of OLIVER'S house
asyoulikeit	24974	1	2	A lawn before the DUKE'S palace
asyoulikeit	24975	1	3	The DUKE's palace
asyoulikeit	24976	2	1	The Forest of Arden
asyoulikeit	24977	2	2	The DUKE'S palace
asyoulikeit	24978	2	3	Before OLIVER'S house
asyoulikeit	24979	2	4	The Forest of Arden
asyoulikeit	24980	2	5	Another part of the forest
asyoulikeit	24981	2	6	The forest
asyoulikeit	24982	2	7	The forest
asyoulikeit	24983	3	1	The palace
asyoulikeit	24984	3	2	The forest
asyoulikeit	24985	3	3	The forest
asyoulikeit	24986	3	4	The forest
asyoulikeit	24987	3	5	Another part of the forest
asyoulikeit	24988	4	1	The forest
asyoulikeit	24989	4	2	The forest
asyoulikeit	24990	4	3	The forest
asyoulikeit	24991	5	1	The forest
asyoulikeit	24992	5	2	The forest
asyoulikeit	24993	5	3	The forest
asyoulikeit	24994	5	4	The forest
comedyerrors	24995	1	1	A hall in DUKE SOLINUS'S palace.
comedyerrors	24996	1	2	The Mart.
comedyerrors	24997	2	1	The house of ANTIPHOLUS of Ephesus.
comedyerrors	24998	2	2	A public place.
comedyerrors	24999	3	1	Before the house of ANTIPHOLUS of Ephesus.
comedyerrors	25000	3	2	The same.
comedyerrors	25001	4	1	A public place.
comedyerrors	25002	4	2	The house of ANTIPHOLUS of Ephesus.
comedyerrors	25003	4	3	A public place.
comedyerrors	25004	4	4	A street.
comedyerrors	25005	5	1	A street before a Priory.
coriolanus	25006	1	1	Rome. A street.
coriolanus	25007	1	2	Corioli. The Senate-house.
coriolanus	25008	1	3	Rome. A room in CORIOLANUS' house.
coriolanus	25009	1	4	Before Corioli.
coriolanus	25010	1	5	Corioli. A street.
coriolanus	25011	1	6	Near the camp of Cominius.
coriolanus	25012	1	7	The gates of Corioli.
coriolanus	25013	1	8	A field of battle.
coriolanus	25014	1	9	The Roman camp.
coriolanus	25015	1	10	The camp of the Volsces.\n
coriolanus	25016	2	1	Rome. A public place.
coriolanus	25017	2	2	The same. The Capitol.
coriolanus	25018	2	3	The same. The Forum.
coriolanus	25019	3	1	Rome. A street.
coriolanus	25020	3	2	A room in CORIOLANUS'S house.
coriolanus	25021	3	3	The same. The Forum.
coriolanus	25022	4	2	The same. A street near the gate.
coriolanus	25023	4	3	A highway between Rome and Antium.
coriolanus	25024	4	4	Antium. Before Aufidius's house.
coriolanus	25025	4	5	The same. A hall in Aufidius's house.
coriolanus	25026	4	6	Rome. A public place.
coriolanus	25027	4	7	A camp, at a small distance from Rome.
coriolanus	25028	5	1	Rome. A public place.
coriolanus	25029	5	2	Entrance of the Volscian camp before Rome.
coriolanus	25030	5	3	The tent of Coriolanus.
coriolanus	25031	5	4	Rome. A public place.
coriolanus	25032	5	5	The same. A street near the gate.
coriolanus	25033	5	6	Antium. A public place.
cymbeline	25034	1	1	Britain. The garden of Cymbeline's palace.
cymbeline	25035	1	2	The same. A public place.
cymbeline	25036	1	3	A room in Cymbeline's palace.
cymbeline	25037	1	4	Rome. Philario's house.
cymbeline	25038	1	5	Britain. A room in Cymbeline's palace.
cymbeline	25039	1	6	The same. Another room in the palace.
cymbeline	25040	2	1	Britain. Before Cymbeline's palace.
cymbeline	25041	2	2	Imogen's bedchamber in Cymbeline's palace:
cymbeline	25042	2	3	An ante-chamber adjoining Imogen's apartments.
cymbeline	25043	2	4	Rome. Philario's house.
cymbeline	25044	2	5	Another room in Philario's house.
cymbeline	25045	3	1	Britain. A hall in Cymbeline's palace.
cymbeline	25046	3	2	Another room in the palace.
cymbeline	25047	3	3	Wales: a mountainous country with a cave.
cymbeline	25048	3	4	Country near Milford-Haven.
cymbeline	25049	3	5	A room in Cymbeline's palace.
cymbeline	25050	3	6	Wales. Before the cave of Belarius.
cymbeline	25051	3	7	Rome. A public place.
cymbeline	25052	4	1	Wales: near the cave of Belarius.
cymbeline	25053	4	2	Before the cave of Belarius.
cymbeline	25054	4	3	A room in Cymbeline's palace.
cymbeline	25055	4	4	Wales: before the cave of Belarius.
cymbeline	25056	5	1	Britain. The Roman camp.
cymbeline	25057	5	2	Field of battle between the British and Roman camps.
cymbeline	25058	5	3	Another part of the field.
cymbeline	25059	5	4	A British prison.
cymbeline	25060	5	5	Cymbeline's tent.
hamlet	25061	1	1	Elsinore. A platform before the Castle.
hamlet	25062	1	2	Elsinore. A room of state in the Castle.
hamlet	25063	1	3	Elsinore. A room in the house of Polonius.
hamlet	25064	1	4	Elsinore. The platform before the Castle.
hamlet	25065	1	5	Elsinore. The Castle. Another part of the fortifications.
hamlet	25066	2	1	Elsinore. A room in the house of Polonius.
hamlet	25067	2	2	Elsinore. A room in the Castle.
hamlet	25068	3	1	Elsinore. A room in the Castle.
hamlet	25069	3	2	Elsinore. hall in the Castle.
hamlet	25070	3	3	A room in the Castle.
hamlet	25071	3	4	The Queen's closet.
hamlet	25072	4	1	Elsinore. A room in the Castle.
hamlet	25073	4	2	Elsinore. A passage in the Castle.
hamlet	25074	4	3	Elsinore. A room in the Castle.
hamlet	25075	4	4	Near Elsinore.
hamlet	25076	4	5	Elsinore. A room in the Castle.
hamlet	25077	4	6	Elsinore. Another room in the Castle.
hamlet	25078	4	7	Elsinore. Another room in the Castle.
hamlet	25079	5	1	Elsinore. A churchyard.
hamlet	25080	5	2	Elsinore. A hall in the Castle.
henry4p1	25081	1	1	London. The palace.
henry4p1	25082	1	2	London. An apartment of the Prince's.
henry4p1	25083	1	3	London. The palace.
henry4p1	25084	2	1	Rochester. An inn yard.
henry4p1	25085	2	2	The highway, near Gadshill.
henry4p1	25086	2	3	Warkworth castle
henry4p1	25087	2	4	The Boar's-Head Tavern, Eastcheap.
henry4p1	25088	3	1	Bangor. The Archdeacon's house.
henry4p1	25089	3	2	London. The palace.
henry4p1	25090	3	3	Eastcheap. The Boar's-Head Tavern.
henry4p1	25091	4	1	The rebel camp near Shrewsbury.
henry4p1	25092	4	2	A public road near Coventry.
henry4p1	25093	4	3	The rebel camp near Shrewsbury.
henry4p1	25094	4	4	York. The ARCHBISHOP'S palace.
henry4p1	25095	5	1	KING HENRY IV's camp near Shrewsbury.
henry4p1	25096	5	2	The rebel camp.
henry4p1	25097	5	3	Plain between the camps.
henry4p1	25098	5	4	Another part of the field.
henry4p1	25099	5	5	Another part of the field.
henry4p2	25100	0	1	Warkworth. Before NORTHUMBERLAND'S Castle
henry4p2	25101	1	1	Warkworth. Before NORTHUMBERLAND'S Castle
henry4p2	25102	1	2	London. A street
henry4p2	25103	1	3	York. The ARCHBISHOP'S palace
henry4p2	25104	2	1	London. A street
henry4p2	25105	2	2	London. Another street
henry4p2	25106	2	3	Warkworth. Before the castle
henry4p2	25107	2	4	London. The Boar's Head Tavern in Eastcheap
henry4p2	25108	3	1	Westminster. The palace
henry4p2	25109	3	2	Gloucestershire. Before Justice, SHALLOW'S house
henry4p2	25110	4	1	Yorkshire. Within the Forest of Gaultree
henry4p2	25111	4	2	Another part of the forest
henry4p2	25112	4	3	Another part of the forest
henry4p2	25113	4	4	Westminster. The Jerusalem Chamber
henry4p2	25114	4	5	Westminster. Another chamber
henry4p2	25115	5	1	Gloucestershire. SHALLOW'S house
henry4p2	25116	5	2	Westminster. The palace
henry4p2	25117	5	3	Gloucestershire. SHALLOW'S orchard
henry4p2	25118	5	4	London. A street
henry4p2	25119	5	5	Westminster. Near the Abbey
henry5	25120	0	1	Prologue.
henry5	25121	1	1	London. An ante-chamber in the KING'S palace.
henry5	25122	1	2	The same. The Presence chamber.
henry5	25123	2	0	Prologue.
henry5	25124	2	1	London. A street.
henry5	25125	2	2	Southampton. A council-chamber.
henry5	25126	2	3	London. Before a tavern.
henry5	25127	2	4	France. The KING'S palace.
henry5	25128	3	0	Prologue.
henry5	25129	3	1	France. Before Harfleur.
henry5	25130	3	2	The same.
henry5	25131	3	3	The same. Before the gates.
henry5	25132	3	4	The FRENCH KING's palace.
henry5	25133	3	5	The same.
henry5	25134	3	6	The English camp in Picardy.
henry5	25135	3	7	The French camp, near Agincourt:
henry5	25136	4	0	Prologue.
henry5	25137	4	1	The English camp at Agincourt.
henry5	25138	4	2	The French camp.
henry5	25139	4	3	The English camp.
henry5	25140	4	4	The field of battle.
henry5	25141	4	5	Another part of the field.
henry5	25142	4	6	Another part of the field.
henry5	25143	4	7	Another part of the field.
henry5	25144	4	8	Before KING HENRY'S pavilion.
henry5	25145	5	0	Prologue.
henry5	25146	5	1	France. The English camp.
henry5	25147	5	2	France. A royal palace.
henry6p1	25148	1	1	Westminster Abbey.
henry6p1	25149	1	2	France. Before Orleans.
henry6p1	25150	1	3	London. Before the Tower.
henry6p1	25151	1	4	Orleans.
henry6p1	25152	1	5	The same.
henry6p1	25153	1	6	The same.
henry6p1	25154	2	1	Before Orleans.
henry6p1	25155	2	2	Orleans. Within the town.
henry6p1	25156	2	3	Auvergne. The COUNTESS's castle.
henry6p1	25157	2	4	London. The Temple-garden.
henry6p1	25158	2	5	The Tower of London.
henry6p1	25159	3	1	London. The Parliament-house.
henry6p1	25160	3	2	France. Before Rouen.
henry6p1	25161	3	3	The plains near Rouen.
henry6p1	25162	3	4	Paris. The palace.
henry6p1	25163	4	1	Paris. A hall of state.
henry6p1	25164	4	2	Before Bourdeaux.
henry6p1	25165	4	3	Plains in Gascony.
henry6p1	25166	4	4	Other plains in Gascony.
henry6p1	25167	4	5	The English camp near Bourdeaux.
henry6p1	25168	4	6	A field of battle.
henry6p1	25169	4	7	Another part of the field.
henry6p1	25170	5	1	London. The palace.
henry6p1	25171	5	2	France. Plains in Anjou.
henry6p1	25172	5	3	Before Angiers.
henry6p1	25173	5	4	Camp of the YORK in Anjou.
henry6p1	25174	5	5	London. The palace.
henry6p2	25175	1	1	London. The palace.
henry6p2	25176	1	2	GLOUCESTER'S house.
henry6p2	25177	1	3	The palace.
henry6p2	25178	1	4	GLOUCESTER's garden.
henry6p2	25179	2	1	Saint Alban's.
henry6p2	25180	2	2	London. YORK'S garden.
henry6p2	25181	2	3	A hall of justice.
henry6p2	25182	2	4	A street.
henry6p2	25183	3	1	The Abbey at Bury St. Edmund's.
henry6p2	25184	3	2	Bury St. Edmund's. A room of state.
henry6p2	25185	3	3	A bedchamber.
henry6p2	25186	4	1	The coast of Kent.
henry6p2	25187	4	2	Blackheath.
henry6p2	25188	4	3	Another part of Blackheath.
henry6p2	25189	4	4	London. The palace.
henry6p2	25190	4	5	London. The Tower.
henry6p2	25191	4	6	London. Cannon Street.
henry6p2	25192	4	7	London. Smithfield.
henry6p2	25193	4	8	Southwark.
henry6p2	25194	4	9	Kenilworth Castle.
henry6p2	25195	4	10	Kent. IDEN's garden.\n
henry6p2	25196	5	1	Fields between Dartford and Blackheath.
henry6p2	25197	5	2	Saint Alban's.
henry6p2	25198	5	3	Fields near St. Alban's.
henry6p3	25199	1	1	London. The Parliament-house.
henry6p3	25200	1	2	Sandal Castle.
henry6p3	25201	1	3	Field of battle betwixt Sandal Castle and Wakefield.
henry6p3	25202	1	4	Another part of the field.
henry6p3	25203	2	1	A plain near Mortimer's Cross in Herefordshire.
henry6p3	25204	2	2	Before York.
henry6p3	25205	2	3	A field of battle between Towton and Saxton, in
henry6p3	25206	2	4	Another part of the field.
henry6p3	25207	2	5	Another part of the field.
henry6p3	25208	2	6	Another part of the field.
henry6p3	25209	3	1	A forest in the north of England.
henry6p3	25210	3	2	London. The palace.
henry6p3	25211	3	3	France. KING LEWIS XI's palace.
henry6p3	25212	4	1	London. The palace.
henry6p3	25213	4	2	A plain in Warwickshire.
henry6p3	25214	4	3	Edward's camp, near Warwick.
henry6p3	25215	4	4	London. The palace.
henry6p3	25216	4	5	A park near Middleham Castle In Yorkshire.
henry6p3	25217	4	6	London. The Tower.
henry6p3	25218	4	7	Before York.
henry6p3	25219	4	8	London. The palace.
henry6p3	25220	5	1	Coventry.
henry6p3	25221	5	2	A field of battle near Barnet.
henry6p3	25222	5	3	Another part of the field.
henry6p3	25223	5	4	Plains near Tewksbury.
henry6p3	25224	5	5	Another part of the field.
henry6p3	25225	5	6	London. The Tower.
henry6p3	25226	5	7	London. The palace.
henry8	25227	1	0	Prologue.
henry8	25228	1	1	London. An ante-chamber in the palace.
henry8	25229	1	2	The same. The council-chamber.
henry8	25230	1	3	An ante-chamber in the palace.
henry8	25231	1	4	A Hall in York Place.
henry8	25232	2	1	Westminster. A street.
henry8	25233	2	2	An ante-chamber in the palace.
henry8	25234	2	3	An ante-chamber of the QUEEN'S apartments.
henry8	25235	2	4	A hall in Black-Friars.
henry8	25236	3	1	London. QUEEN KATHARINE's apartments.
henry8	25237	3	2	Ante-chamber to KING HENRY VIII's apartment.
henry8	25238	4	1	A street in Westminster.
henry8	25239	4	2	Kimbolton.
henry8	25240	5	1	London. A gallery in the palace.
henry8	25241	5	2	Before the council-chamber. Pursuivants, Pages, &c.
henry8	25242	5	3	The Council-Chamber.
henry8	25243	5	4	The palace yard.
henry8	25244	5	5	The palace.
juliuscaesar	25245	1	1	Rome. A street.
juliuscaesar	25246	1	2	A public place.
juliuscaesar	25247	1	3	The same. A street.
juliuscaesar	25248	2	1	Rome. BRUTUS's orchard.
juliuscaesar	25249	2	2	CAESAR's house.
juliuscaesar	25250	2	3	A street near the Capitol.
juliuscaesar	25251	2	4	Another part of the same street, before the house of BRUTUS.
juliuscaesar	25252	3	1	Rome. Before the Capitol; the Senate sitting above.
juliuscaesar	25253	3	2	The Forum.
juliuscaesar	25254	3	3	A street.
juliuscaesar	25255	4	1	A house in Rome.
juliuscaesar	25256	4	2	Camp near Sardis. Before BRUTUS's tent.
juliuscaesar	25257	4	3	Brutus's tent.
juliuscaesar	25258	5	1	The plains of Philippi.
juliuscaesar	25259	5	2	The same. The field of battle.
juliuscaesar	25260	5	3	Another part of the field.
juliuscaesar	25261	5	4	Another part of the field.
juliuscaesar	25262	5	5	Another part of the field.
kingjohn	25263	1	1	KING JOHN'S palace.
kingjohn	25264	2	1	France. Before Angiers.
kingjohn	25265	3	1	The French King's pavilion.
kingjohn	25266	3	2	The same. Plains near Angiers.
kingjohn	25267	3	3	The same.
kingjohn	25268	3	4	The same. KING PHILIP'S tent.
kingjohn	25269	4	1	A room in a castle.
kingjohn	25270	4	2	KING JOHN'S palace.
kingjohn	25271	4	3	Before the castle.
kingjohn	25272	5	1	KING JOHN'S palace.
kingjohn	25273	5	2	LEWIS's camp at St. Edmundsbury.
kingjohn	25274	5	3	The field of battle.
kingjohn	25275	5	4	Another part of the field.
kingjohn	25276	5	5	The French camp.
kingjohn	25277	5	6	An open place in the neighbourhood of Swinstead Abbey.
kingjohn	25278	5	7	The orchard in Swinstead Abbey.
kinglear	25279	1	1	King Lear's Palace.
kinglear	25280	1	2	The Earl of Gloucester's Castle.
kinglear	25281	1	3	The Duke of Albany's Palace.
kinglear	25282	1	4	The Duke of Albany's Palace.
kinglear	25283	1	5	Court before the Duke of Albany's Palace. Enter Lear, Kent, and Fool.
kinglear	25284	2	1	A court within the Castle of the Earl of Gloucester.
kinglear	25285	2	2	Before Gloucester's Castle.
kinglear	25286	2	3	The open country.
kinglear	25287	2	4	Before Gloucester's Castle; Kent in the stocks.
kinglear	25288	3	1	A heath. Storm still.
kinglear	25289	3	2	Another part of the heath. Storm still.
kinglear	25290	3	3	Gloucester's Castle.
kinglear	25291	3	4	The heath. Before a hovel. Storm still.
kinglear	25292	3	5	Gloucester's Castle.
kinglear	25293	3	6	A farmhouse near Gloucester's Castle.
kinglear	25294	3	7	Gloucester's Castle.
kinglear	25295	4	1	The heath.
kinglear	25296	4	2	Before the Duke of Albany's Palace.
kinglear	25297	4	3	The French camp near Dover.
kinglear	25298	4	4	The French camp.
kinglear	25299	4	5	Gloucester's Castle.
kinglear	25300	4	6	The country near Dover.
kinglear	25301	4	7	A tent in the French camp.
kinglear	25302	5	1	The British camp near Dover.
kinglear	25303	5	2	A field between the two camps. Alarum within.
kinglear	25304	5	3	The British camp, near Dover.
loverscomplaint	25305	1	1	A Lover's Complaint.
loveslabours	25306	1	1	The king of Navarre's park.
loveslabours	25307	1	2	The same.
loveslabours	25308	2	1	The same.
loveslabours	25309	3	1	The same.
loveslabours	25310	4	1	The same.
loveslabours	25311	4	2	The same.
loveslabours	25312	4	3	The same.
loveslabours	25313	5	1	The same.
loveslabours	25314	5	2	The same.
macbeth	25315	1	1	A desert place.
macbeth	25316	1	2	A camp near Forres.
macbeth	25317	1	3	A heath near Forres.
macbeth	25318	1	4	Forres. The palace.
macbeth	25319	1	5	Inverness. Macbeth's castle.
macbeth	25320	1	6	Before Macbeth's castle.
macbeth	25321	1	7	Macbeth's castle.
macbeth	25322	2	1	Court of Macbeth's castle.
macbeth	25323	2	2	The same.
macbeth	25324	2	3	The same.
macbeth	25325	2	4	Outside Macbeth's castle.
macbeth	25326	3	1	Forres. The palace.
macbeth	25327	3	2	The palace.
macbeth	25328	3	3	A park near the palace.
macbeth	25329	3	4	The same. Hall in the palace.
macbeth	25330	3	5	A Heath.
macbeth	25331	3	6	Forres. The palace.
macbeth	25332	4	1	A cavern. In the middle, a boiling cauldron.
macbeth	25333	4	2	Fife. Macduff's castle.
macbeth	25334	4	3	England. Before the King's palace.
macbeth	25335	5	1	Dunsinane. Ante-room in the castle.
macbeth	25336	5	2	The country near Dunsinane.
macbeth	25337	5	3	Dunsinane. A room in the castle.
macbeth	25338	5	4	Country near Birnam wood.
macbeth	25339	5	5	Dunsinane. Within the castle.
macbeth	25340	5	6	Dunsinane. Before the castle.
macbeth	25341	5	7	Another part of the field.
macbeth	25342	5	8	Another part of the field.
measure	25343	1	1	An apartment in the DUKE'S palace.
measure	25344	1	2	A Street.
measure	25345	1	3	A monastery.
measure	25346	1	4	A nunnery.
measure	25347	2	1	A hall In ANGELO's house.
measure	25348	2	2	Another room in the same.
measure	25349	2	3	A room in a prison.
measure	25350	2	4	A room in ANGELO's house.
measure	25351	3	1	A room in the prison.
measure	25352	3	2	The street before the prison.
measure	25353	4	1	The moated grange at ST. LUKE's.
measure	25354	4	2	A room in the prison.
measure	25355	4	3	Another room in the same.
measure	25356	4	4	A room in ANGELO's house.
measure	25357	4	5	Fields without the town.
measure	25358	4	6	Street near the city gate.
measure	25359	5	1	The city gate.
merchantvenice	25360	1	1	Venice. A street.
merchantvenice	25361	1	2	Belmont. A room in PORTIA'S house.
merchantvenice	25362	1	3	Venice. A public place.
merchantvenice	25363	2	1	Belmont. A room in PORTIA'S house.
merchantvenice	25364	2	2	Venice. A street.
merchantvenice	25365	2	3	The same. A room in SHYLOCK'S house.
merchantvenice	25366	2	4	The same. A street.
merchantvenice	25367	2	5	The same. Before SHYLOCK'S house.
merchantvenice	25368	2	6	The same.
merchantvenice	25369	2	7	Belmont. A room in PORTIA'S house.
merchantvenice	25370	2	8	Venice. A street.
merchantvenice	25371	2	9	Belmont. A room in PORTIA'S house.
merchantvenice	25372	3	1	Venice. A street.
merchantvenice	25373	3	2	Belmont. A room in PORTIA'S house.
merchantvenice	25374	3	3	Venice. A street.
merchantvenice	25375	3	4	Belmont. A room in PORTIA'S house.
merchantvenice	25376	3	5	The same. A garden.
merchantvenice	25377	4	1	Venice. A court of justice.
merchantvenice	25378	4	2	The same. A street.
merchantvenice	25379	5	1	Belmont. Avenue to PORTIA'S house.
merrywives	25380	1	1	Windsor. Before PAGE's house.
merrywives	25381	1	2	The same.
merrywives	25382	1	3	A room in the Garter Inn.
merrywives	25383	1	4	A room in DOCTOR CAIUS' house.
merrywives	25384	2	1	Before PAGE'S house.
merrywives	25385	2	2	A room in the Garter Inn.
merrywives	25386	2	3	A field near Windsor.
merrywives	25387	3	1	A field near Frogmore.
merrywives	25388	3	2	A street.
merrywives	25389	3	3	A room in FORD'S house.
merrywives	25390	3	4	A room in PAGE'S house.
merrywives	25391	3	5	A room in the Garter Inn.
merrywives	25392	4	1	A street.
merrywives	25393	4	2	A room in FORD'S house.
merrywives	25394	4	3	A room in the Garter Inn.
merrywives	25395	4	4	A room in FORD'S house.
merrywives	25396	4	5	A room in the Garter Inn.
merrywives	25397	4	6	Another room in the Garter Inn.
merrywives	25398	5	1	A room in the Garter Inn.
merrywives	25399	5	2	Windsor Park.
merrywives	25400	5	3	A street leading to the Park.
merrywives	25401	5	4	Windsor Park.
merrywives	25402	5	5	Another part of the Park.
midsummer	25403	1	1	Athens. The palace of THESEUS.
midsummer	25404	1	2	Athens. QUINCE'S house.
midsummer	25405	2	1	A wood near Athens.
midsummer	25406	2	2	Another part of the wood.
midsummer	25407	3	1	The wood. TITANIA lying asleep.
midsummer	25408	3	2	Another part of the wood.
midsummer	25409	4	1	The same. LYSANDER, DEMETRIUS, HELENA, and HERMIA
midsummer	25410	4	2	Athens. QUINCE'S house.
midsummer	25411	5	1	Athens. The palace of THESEUS.
muchado	25412	1	1	Before LEONATO'S house.
muchado	25413	1	2	A room in LEONATO's house.
muchado	25414	1	3	The same.
muchado	25415	2	1	A hall in LEONATO'S house.
muchado	25416	2	2	The same.
muchado	25417	2	3	LEONATO'S orchard.
muchado	25418	3	1	LEONATO'S garden.
muchado	25419	3	2	A room in LEONATO'S house
muchado	25420	3	3	A street.
muchado	25421	3	4	HERO's apartment.
muchado	25422	3	5	Another room in LEONATO'S house.
muchado	25423	4	1	A church.
muchado	25424	4	2	A prison.
muchado	25425	5	1	Before LEONATO'S house.
muchado	25426	5	2	LEONATO'S garden.
muchado	25427	5	3	A church.
muchado	25428	5	4	A room in LEONATO'S house.
othello	25429	1	1	Venice. A street.
othello	25430	1	2	Another street.
othello	25431	1	3	A council-chamber.
othello	25432	2	1	A Sea-port in Cyprus. An open place near the quay.
othello	25433	2	2	A street.
othello	25434	2	3	A hall in the castle.
othello	25435	3	1	Before the castle.
othello	25436	3	2	A room in the castle.
othello	25437	3	3	The garden of the castle.
othello	25438	3	4	Before the castle.
othello	25439	4	1	Cyprus. Before the castle.
othello	25440	4	2	A room in the castle.
othello	25441	4	3	Another room in the castle.
othello	25442	5	1	Cyprus. A street.
othello	25443	5	2	A bedchamber in the castle: DESDEMONA in bed asleep;
passionatepilgrim	25444	1	1	---
passionatepilgrim	25445	1	2	---
passionatepilgrim	25446	1	3	---
passionatepilgrim	25447	1	4	---
passionatepilgrim	25448	1	5	---
passionatepilgrim	25449	1	6	---
passionatepilgrim	25450	1	7	---
passionatepilgrim	25451	1	8	---
passionatepilgrim	25452	1	9	---
passionatepilgrim	25453	1	10	---\n
passionatepilgrim	25454	1	11	---\n
passionatepilgrim	25455	1	12	---\n
passionatepilgrim	25456	1	13	---\n
passionatepilgrim	25457	1	14	---\n
passionatepilgrim	25458	1	15	---\n
passionatepilgrim	25459	1	16	Sonnet to sundry notes of music\n
passionatepilgrim	25460	1	17	Sonnet to sundry notes of music\n
passionatepilgrim	25461	1	18	Sonnet to sundry notes of music\n
passionatepilgrim	25462	1	19	Sonnet to sundry notes of music\n
passionatepilgrim	25463	1	20	Sonnet to sundry notes of music\n
passionatepilgrim	25464	1	21	Sonnet to sundry notes of music\n
pericles	25465	1	0	Prologue.
pericles	25466	1	1	Antioch. A room in the palace.
pericles	25467	1	2	Tyre. A room in the palace.
pericles	25468	1	3	Tyre. An ante-chamber in the palace.
pericles	25469	1	4	Tarsus. A room in the Governor's house.
pericles	25470	2	1	Pentapolis. An open place by the sea-side.
pericles	25471	2	2	The same. A public way or platform leading to the
pericles	25472	2	3	The same. A hall of state: a banquet prepared.
pericles	25473	2	4	Tyre. A room in the Governor's house.
pericles	25474	2	5	Pentapolis. A room in the palace.
pericles	25475	3	0	Chorus.
pericles	25476	3	1	On ship.
pericles	25477	3	2	Ephesus. A room in CERIMON's house.
pericles	25478	3	3	Tarsus. A room in CLEON's house.
pericles	25479	3	4	Ephesus. A room in CERIMON's house.
pericles	25480	4	0	Near the seashore.
pericles	25481	4	1	Tarsus. An open place near the sea-shore.
pericles	25482	4	2	Mytilene. A room in a brothel.
pericles	25483	4	3	Tarsus. A room in CLEON's house.
pericles	25484	4	4	Chorus.
pericles	25485	4	5	Mytilene. A street before the brothel.
pericles	25486	4	6	The same. A room in the brothel.
pericles	25487	5	0	Chorus.
pericles	25488	5	1	On board PERICLES' ship, off Mytilene. A close
pericles	25489	5	2	Chorus.
pericles	25490	5	3	The temple of Diana at Ephesus; THAISA standing
phoenixturtle	25491	1	1	The Phoenix and the Turtle
rapelucrece	25492	1	0	Dedication
rapelucrece	25493	1	1	The Argument
rapelucrece	25494	1	2	The Rape of Lucrece
richard2	25495	1	1	London. KING RICHARD II's palace.
richard2	25496	1	2	The DUKE OF LANCASTER'S palace.
richard2	25497	1	3	The lists at Coventry.
richard2	25498	1	4	The court.
richard2	25499	2	1	Ely House.
richard2	25500	2	2	The palace.
richard2	25501	2	3	Wilds in Gloucestershire.
richard2	25502	2	4	A camp in Wales.
richard2	25503	3	1	Bristol. Before the castle.
richard2	25504	3	2	The coast of Wales. A castle in view.
richard2	25505	3	3	Wales. Before Flint castle.
richard2	25506	3	4	LANGLEY. The DUKE OF YORK's garden.
richard2	25507	4	1	Westminster Hall.
richard2	25508	5	1	London. A street leading to the Tower.
richard2	25509	5	2	The DUKE OF YORK's palace.
richard2	25510	5	3	A royal palace.
richard2	25511	5	4	The same.
richard2	25512	5	5	Pomfret castle.
richard2	25513	5	6	Windsor castle.
richard3	25514	1	1	London. A street.
richard3	25515	1	2	The same. Another street.
richard3	25516	1	3	The palace.
richard3	25517	1	4	London. The Tower.
richard3	25518	2	1	London. The palace.
richard3	25519	2	2	The palace.
richard3	25520	2	3	London. A street.
richard3	25521	2	4	London. The palace.
richard3	25522	3	1	London. A street.
richard3	25523	3	2	Before Lord Hastings' house.
richard3	25524	3	3	Pomfret Castle.
richard3	25525	3	4	The Tower of London.
richard3	25526	3	5	The Tower-walls.
richard3	25527	3	6	The same.
richard3	25528	3	7	Baynard's Castle.
richard3	25529	4	1	Before the Tower.
richard3	25530	4	2	London. The palace.
richard3	25531	4	3	The same.
richard3	25532	4	4	Before the palace.
richard3	25533	4	5	Lord Derby's house.
richard3	25534	5	1	Salisbury. An open place.
richard3	25535	5	2	The camp near Tamworth.
richard3	25536	5	3	Bosworth Field.
richard3	25537	5	4	Another part of the field.
richard3	25538	5	5	Another part of the field.
romeojuliet	25539	0	1	Verona: Mantua.
romeojuliet	25540	1	1	Verona. A public place.
romeojuliet	25541	1	2	A street.
romeojuliet	25542	1	3	A room in Capulet's house.
romeojuliet	25543	1	4	A street.
romeojuliet	25544	1	5	A hall in Capulet's house.
romeojuliet	25545	2	0	Prologue.
romeojuliet	25546	2	1	A lane by the wall of Capulet's orchard.
romeojuliet	25547	2	2	Capulet's orchard.
romeojuliet	25548	2	3	Friar Laurence's cell.
romeojuliet	25549	2	4	A street.
romeojuliet	25550	2	5	Capulet's orchard.
romeojuliet	25551	2	6	Friar Laurence's cell.
romeojuliet	25552	3	1	A public place.
romeojuliet	25553	3	2	Capulet's orchard.
romeojuliet	25554	3	3	Friar Laurence's cell.
romeojuliet	25555	3	4	A room in Capulet's house.
romeojuliet	25556	3	5	Capulet's orchard.
romeojuliet	25557	4	1	Friar Laurence's cell.
romeojuliet	25558	4	2	Hall in Capulet's house.
romeojuliet	25559	4	3	Juliet's chamber.
romeojuliet	25560	4	4	Hall in Capulet's house.
romeojuliet	25561	4	5	Juliet's chamber.
romeojuliet	25562	5	1	Mantua. A street.
romeojuliet	25563	5	2	Friar Laurence's cell.
romeojuliet	25564	5	3	A churchyard; in it a tomb belonging to the Capulets.
sonnets	25565	1	1	---
sonnets	25566	1	2	---
sonnets	25567	1	3	---
sonnets	25568	1	4	---
sonnets	25569	1	5	---
sonnets	25570	1	6	---
sonnets	25571	1	7	---
sonnets	25572	1	8	---
sonnets	25573	1	9	---
sonnets	25574	1	10	---\n
sonnets	25575	1	11	---\n
sonnets	25576	1	12	---\n
sonnets	25577	1	13	---\n
sonnets	25578	1	14	---\n
sonnets	25579	1	15	---\n
sonnets	25580	1	16	---\n
sonnets	25581	1	17	---\n
sonnets	25582	1	18	---\n
sonnets	25583	1	19	---\n
sonnets	25584	1	20	---\n
sonnets	25585	1	21	---\n
sonnets	25586	1	22	---\n
sonnets	25587	1	23	---\n
sonnets	25588	1	24	---\n
sonnets	25589	1	25	---\n
sonnets	25590	1	26	---\n
sonnets	25591	1	27	---\n
sonnets	25592	1	28	---\n
sonnets	25593	1	29	---\n
sonnets	25594	1	30	---\n
sonnets	25595	1	31	---\n
sonnets	25596	1	32	---\n
sonnets	25597	1	33	---\n
sonnets	25598	1	34	---\n
sonnets	25599	1	35	---\n
sonnets	25600	1	36	---\n
sonnets	25601	1	37	---\n
sonnets	25602	1	38	---\n
sonnets	25603	1	39	---\n
sonnets	25604	1	40	---\n
sonnets	25605	1	41	---\n
sonnets	25606	1	42	---\n
sonnets	25607	1	43	---\n
sonnets	25608	1	44	---\n
sonnets	25609	1	45	---\n
sonnets	25610	1	46	---\n
sonnets	25611	1	47	---\n
sonnets	25612	1	48	---\n
sonnets	25613	1	49	---\n
sonnets	25614	1	50	---\n
sonnets	25615	1	51	---\n
sonnets	25616	1	52	---\n
sonnets	25617	1	53	---\n
sonnets	25618	1	54	---\n
sonnets	25619	1	55	---\n
sonnets	25620	1	56	---\n
sonnets	25621	1	57	---\n
sonnets	25622	1	58	---\n
sonnets	25623	1	59	---\n
sonnets	25624	1	60	---\n
sonnets	25625	1	61	---\n
sonnets	25626	1	62	---\n
sonnets	25627	1	63	---\n
sonnets	25628	1	64	---\n
sonnets	25629	1	65	---\n
sonnets	25630	1	66	---\n
sonnets	25631	1	67	---\n
sonnets	25632	1	68	---\n
sonnets	25633	1	69	---\n
sonnets	25634	1	70	---\n
sonnets	25635	1	71	---\n
sonnets	25636	1	72	---\n
sonnets	25637	1	73	---\n
sonnets	25638	1	74	---\n
sonnets	25639	1	75	---\n
sonnets	25640	1	76	---\n
sonnets	25641	1	77	---\n
sonnets	25642	1	78	---\n
sonnets	25643	1	79	---\n
sonnets	25644	1	80	---\n
sonnets	25645	1	81	---\n
sonnets	25646	1	82	---\n
sonnets	25647	1	83	---\n
sonnets	25648	1	84	---\n
sonnets	25649	1	85	---\n
sonnets	25650	1	86	---\n
sonnets	25651	1	87	---\n
sonnets	25652	1	88	---\n
sonnets	25653	1	89	---\n
sonnets	25654	1	90	---\n
sonnets	25655	1	91	---\n
sonnets	25656	1	92	---\n
sonnets	25657	1	93	---\n
sonnets	25658	1	94	---\n
sonnets	25659	1	95	---\n
sonnets	25660	1	96	---\n
sonnets	25661	1	97	---\n
sonnets	25662	1	98	---\n
sonnets	25663	1	99	---\n
sonnets	25664	1	100	---\n
sonnets	25665	1	101	---\n
sonnets	25666	1	102	---\n
sonnets	25667	1	103	---\n
sonnets	25668	1	104	---\n
sonnets	25669	1	105	---\n
sonnets	25670	1	106	---\n
sonnets	25671	1	107	---\n
sonnets	25672	1	108	---\n
sonnets	25673	1	109	---\n
sonnets	25674	1	110	---\n
sonnets	25675	1	111	---\n
sonnets	25676	1	112	---\n
sonnets	25677	1	113	---\n
sonnets	25678	1	114	---\n
sonnets	25679	1	115	---\n
sonnets	25680	1	116	---\n
sonnets	25681	1	117	---\n
sonnets	25682	1	118	---\n
sonnets	25683	1	119	---\n
sonnets	25684	1	120	---\n
sonnets	25685	1	121	---\n
sonnets	25686	1	122	---\n
sonnets	25687	1	123	---\n
sonnets	25688	1	124	---\n
sonnets	25689	1	125	---\n
sonnets	25690	1	126	---\n
sonnets	25691	1	127	---\n
sonnets	25692	1	128	---\n
sonnets	25693	1	129	---\n
sonnets	25694	1	130	---\n
sonnets	25695	1	131	---\n
sonnets	25696	1	132	---\n
sonnets	25697	1	133	---\n
sonnets	25698	1	134	---\n
sonnets	25699	1	135	---\n
sonnets	25700	1	136	---\n
sonnets	25701	1	137	---\n
sonnets	25702	1	138	---\n
sonnets	25703	1	139	---\n
sonnets	25704	1	140	---\n
sonnets	25705	1	141	---\n
sonnets	25706	1	142	---\n
sonnets	25707	1	143	---\n
sonnets	25708	1	144	---\n
sonnets	25709	1	145	---\n
sonnets	25710	1	146	---\n
sonnets	25711	1	147	---\n
sonnets	25712	1	148	---\n
sonnets	25713	1	149	---\n
sonnets	25714	1	150	---\n
sonnets	25715	1	151	---\n
sonnets	25716	1	152	---\n
sonnets	25717	1	153	---\n
sonnets	25718	1	154	---\n
tamingshrew	25719	0	1	Before an alehouse on a heath
tamingshrew	25720	0	2	A bedchamber in the LORD'S house
tamingshrew	25721	1	1	Padua. A public place
tamingshrew	25722	1	2	Padua. Before HORTENSIO'S house
tamingshrew	25723	2	1	Padua. BAPTISTA'S house
tamingshrew	25724	3	1	Padua. BAPTISTA'S house
tamingshrew	25725	3	2	Padua. Before BAPTISTA'S house
tamingshrew	25726	4	1	PETRUCHIO'S country house
tamingshrew	25727	4	2	Padua. Before BAPTISTA'S house
tamingshrew	25728	4	3	PETRUCHIO'S house
tamingshrew	25729	4	4	Padua. Before BAPTISTA'S house
tamingshrew	25730	4	5	A public road
tamingshrew	25731	5	1	Padua. Before LUCENTIO'S house
tamingshrew	25732	5	2	LUCENTIO'S house
tempest	25733	1	1	On a ship at sea: a tempestuous noise
tempest	25734	1	2	The island. Before PROSPERO'S cell.
tempest	25735	2	1	Another part of the island.
tempest	25736	2	2	Another part of the island.
tempest	25737	3	1	Before PROSPERO'S Cell.
tempest	25738	3	2	Another part of the island.
tempest	25739	3	3	Another part of the island.
tempest	25740	4	1	Before PROSPERO'S cell.
tempest	25741	5	1	Before PROSPERO'S cell.
timonathens	25742	1	1	Athens. A hall in Timon's house.
timonathens	25743	1	2	A banqueting-room in Timon's house.
timonathens	25744	2	1	A Senator's house.
timonathens	25745	2	2	The same. A hall in Timon's house.
timonathens	25746	3	1	A room in Lucullus' house.
timonathens	25747	3	2	A public place.
timonathens	25748	3	3	A room in Sempronius' house.
timonathens	25749	3	4	The same. A hall in Timon's house.
timonathens	25750	3	5	The same. The senate-house. The Senate sitting.
timonathens	25751	3	6	The same. A banqueting-room in Timon's house.
timonathens	25752	4	1	Without the walls of Athens.
timonathens	25753	4	2	Athens. A room in Timon's house.
timonathens	25754	4	3	Woods and cave, near the seashore.
timonathens	25755	5	1	The woods. Before Timon's cave.
timonathens	25756	5	2	Before the walls of Athens.
timonathens	25757	5	3	The woods. Timon's cave, and a rude tomb seen.
timonathens	25758	5	4	Before the walls of Athens.
titus	25759	1	1	Rome. Before the Capitol.
titus	25760	2	1	Rome. Before the Palace.
titus	25761	2	2	A forest near Rome. Horns and cry of hounds heard.
titus	25762	2	3	A lonely part of the forest.
titus	25763	2	4	Another part of the forest.
titus	25764	3	1	Rome. A street.
titus	25765	3	2	A room in Titus's house. A banquet set out.
titus	25766	4	1	Rome. Titus's garden.
titus	25767	4	2	The same. A room in the palace.
titus	25768	4	3	The same. A public place.
titus	25769	4	4	The same. Before the palace.
titus	25770	5	1	Plains near Rome.
titus	25771	5	2	Rome. Before TITUS's house.
titus	25772	5	3	Court of TITUS's house. A banquet set out.
troilus	25773	1	0	Prologue.
troilus	25774	1	1	Troy. Before Priam's palace.
troilus	25775	1	2	The Same. A street.
troilus	25776	1	3	The Grecian camp. Before Agamemnon's tent.
troilus	25777	2	1	A part of the Grecian camp.
troilus	25778	2	2	Troy. A room in Priam's palace.
troilus	25779	2	3	The Grecian camp. Before Achilles' tent.
troilus	25780	3	1	Troy. Priam's palace.
troilus	25781	3	2	The same. Pandarus' orchard.
troilus	25782	3	3	The Grecian camp. Before Achilles' tent.
troilus	25783	4	1	Troy. A street.
troilus	25784	4	2	The same. Court of Pandarus' house.
troilus	25785	4	3	The same. Street before Pandarus' house.
troilus	25786	4	4	The same. Pandarus' house.
troilus	25787	4	5	The Grecian camp. Lists set out.
troilus	25788	5	1	The Grecian camp. Before Achilles' tent.
troilus	25789	5	2	The same. Before Calchas' tent.
troilus	25790	5	3	Troy. Before Priam's palace.
troilus	25791	5	4	Plains between Troy and the Grecian camp.
troilus	25792	5	5	Another part of the plains.
troilus	25793	5	6	Another part of the plains.
troilus	25794	5	7	Another part of the plains.
troilus	25795	5	8	Another part of the plains.
troilus	25796	5	9	Another part of the plains.
troilus	25797	5	10	Another part of the plains.\n
12night	25798	1	1	DUKE ORSINO's palace.
12night	25799	1	2	The sea-coast.
12night	25800	1	3	OLIVIA'S house.
12night	25801	1	4	DUKE ORSINO's palace.
12night	25802	1	5	OLIVIA'S house.
12night	25803	2	1	The sea-coast.
12night	25804	2	2	A street.
12night	25805	2	3	OLIVIA's house.
12night	25806	2	4	DUKE ORSINO's palace.
12night	25807	2	5	OLIVIA's garden.
12night	25808	3	1	OLIVIA's garden.
12night	25809	3	2	OLIVIA's house.
12night	25810	3	3	A street.
12night	25811	3	4	OLIVIA's garden.
12night	25812	4	1	Before OLIVIA's house.
12night	25813	4	2	OLIVIA's house.
12night	25814	4	3	OLIVIA's garden.
12night	25815	5	1	Before OLIVIA's house.
twogents	25816	1	1	Verona. An open place.
twogents	25817	1	2	The same. Garden of JULIA's house.
twogents	25818	1	3	The same. ANTONIO's house.
twogents	25819	2	1	Milan. The DUKE's palace.
twogents	25820	2	2	Verona. JULIA'S house.
twogents	25821	2	3	The same. A street.
twogents	25822	2	4	Milan. The DUKE's palace.
twogents	25823	2	5	The same. A street.
twogents	25824	2	6	The same. The DUKE'S palace.
twogents	25825	2	7	Verona. JULIA'S house.
twogents	25826	3	1	Milan. The DUKE's palace.
twogents	25827	3	2	The same. The DUKE's palace.
twogents	25828	4	1	The frontiers of Mantua. A forest.
twogents	25829	4	2	Milan. Outside the DUKE's palace, under SILVIA's chamber.
twogents	25830	4	3	The same.
twogents	25831	4	4	The same.
twogents	25832	5	1	Milan. An abbey.
twogents	25833	5	2	The same. The DUKE's palace.
twogents	25834	5	3	The frontiers of Mantua. The forest.
twogents	25835	5	4	Another part of the forest.
venusadonis	25836	1	0	Dedication.
venusadonis	25837	1	1	Venus and Adonis.
winterstale	25838	1	1	Antechamber in LEONTES' palace.
winterstale	25839	1	2	A room of state in the same.
winterstale	25840	2	1	A room in LEONTES' palace.
winterstale	25841	2	2	A prison.
winterstale	25842	2	3	A room in LEONTES' palace.
winterstale	25843	3	1	A sea-port in Sicilia.
winterstale	25844	3	2	A court of Justice.
winterstale	25845	3	3	Bohemia. A desert country near the sea.
winterstale	25846	4	1	Chorus as Time speaks.
winterstale	25847	4	2	Bohemia. The palace of POLIXENES.
winterstale	25848	4	3	A road near the Shepherd's cottage.
winterstale	25849	4	4	The Shepherd's cottage.
winterstale	25850	5	1	A room in LEONTES' palace.
winterstale	25851	5	2	Before LEONTES' palace.
winterstale	25852	5	3	A chapel in PAULINA'S house.
